"","KLINIKTYP","academicfreq","count"
"1",0,0.109071274298056,4630
"2",1,0.118374691953644,1189756
"3",2,0.49513022946949,54212
"4",3,0.169098544686652,209783
