"","KLINIKTYP","count","sectiorate"
"1","0",9207,0.117302052785924
"2","1",1659593,0.228298142978429
"3","2",70577,0.410870396871502
"4","9",23556,8.49040584139922e-05
