"","KLINIKTYP","count","meanage","stdage"
"1","1",771336,27.1630404907848,5.33904321713511
"2","2",37380,31.3200909577314,4.67899180128426
